SRP18520.txt#offset_130_134	Q202
SRP18520.txt#offset_42_49	Q203
SRP18520.txt#offset_0_2	Q204
SRP18520.txt#offset_3_9	Q205
SRP18520.txt#offset_100074_100075	Q206
SRP18520.txt#offset_100070_100074	Q207
SRP18520.txt#offset_100077_100078	Q208
SRP18520.txt#offset_100079_100083	Q209
SRP18520.txt#offset_100204_100205	Q210
SRP18520.txt#offset_100194_100204	Q211
SRP18520.txt#offset_100207_100208	Q212
SRP18520.txt#offset_100209_100212	Q213
SRP18520.txt#offset_10027_10028	Q214
SRP18520.txt#offset_10017_10027	Q215
SRP18520.txt#offset_100300_100301	Q216
SRP18520.txt#offset_100291_100300	Q217
SRP18520.txt#offset_100303_100305	Q218
SRP18520.txt#offset_100306_100310	Q219
SRP18520.txt#offset_10030_10032	Q220
SRP18520.txt#offset_10033_10034	Q221
SRP18520.txt#offset_100520_100521	Q222
SRP18520.txt#offset_100512_100520	Q223
SRP18520.txt#offset_100523_100526	Q224
SRP18520.txt#offset_100527_100529	Q225
SRP18520.txt#offset_100647_100648	Q226
SRP18520.txt#offset_100642_100647	Q227
SRP18520.txt#offset_100650_100654	Q228
SRP18520.txt#offset_100655_100660	Q229
SRP18520.txt#offset_100856_100857	Q230
SRP18520.txt#offset_100852_100856	Q231
SRP18520.txt#offset_100859_100862	Q232
SRP18520.txt#offset_100863_100867	Q233
SRP18520.txt#offset_101010_101011	Q234
SRP18520.txt#offset_101003_101010	Q235
SRP18520.txt#offset_101013_101016	Q236
SRP18520.txt#offset_101017_101022	Q237
SRP18520.txt#offset_101041_101042	Q238
SRP18520.txt#offset_101038_101041	Q239
SRP18520.txt#offset_101044_101052	Q240
SRP18520.txt#offset_101053_101054	Q241
SRP18520.txt#offset_101076_101077	Q242
SRP18520.txt#offset_101072_101076	Q243
SRP18520.txt#offset_101079_101082	Q244
SRP18520.txt#offset_101082_101083	Q245
SRP18520.txt#offset_101245_101246	Q246
SRP18520.txt#offset_101238_101245	Q247
SRP18520.txt#offset_101248_101250	Q248
SRP18520.txt#offset_101251_101254	Q249
SRP18520.txt#offset_101352_101353	Q250
SRP18520.txt#offset_101348_101352	Q251
SRP18520.txt#offset_101355_101359	Q252
SRP18520.txt#offset_101360_101363	Q253
SRP18520.txt#offset_101476_101477	Q254
SRP18520.txt#offset_101467_101476	Q255
SRP18520.txt#offset_101479_101482	Q256
SRP18520.txt#offset_101483_101489	Q257
SRP18520.txt#offset_101616_101617	Q258
SRP18520.txt#offset_101610_101616	Q259
SRP18520.txt#offset_101619_101623	Q260
SRP18520.txt#offset_101624_101628	Q261
SRP18520.txt#offset_101698_101699	Q262
SRP18520.txt#offset_101690_101698	Q263
SRP18520.txt#offset_101701_101706	Q264
SRP18520.txt#offset_101706_101707	Q265
SRP18520.txt#offset_101713_101714	Q266
SRP18520.txt#offset_101708_101713	Q267
SRP18520.txt#offset_101716_101718	Q268
SRP18520.txt#offset_101719_101723	Q269
SRP18520.txt#offset_101740_101741	Q270
SRP18520.txt#offset_101734_101740	Q271
SRP18520.txt#offset_101743_101745	Q272
SRP18520.txt#offset_101746_101750	Q273
SRP18520.txt#offset_101766_101767	Q274
SRP18520.txt#offset_101760_101766	Q275
SRP18520.txt#offset_101769_101770	Q276
SRP18520.txt#offset_101771_101773	Q277
SRP18520.txt#offset_101843_101844	Q278
SRP18520.txt#offset_101839_101843	Q279
SRP18520.txt#offset_101846_101847	Q280
SRP18520.txt#offset_101847_101848	Q281
SRP18520.txt#offset_101853_101854	Q282
SRP18520.txt#offset_101852_101853	Q283
SRP18520.txt#offset_101856_101858	Q284
SRP18520.txt#offset_101859_101866	Q285
SRP18520.txt#offset_101_111	Q286
SRP18520.txt#offset_112_121	Q287
SRP18520.txt#offset_102044_102045	Q288
SRP18520.txt#offset_102037_102044	Q289
SRP18520.txt#offset_102047_102050	Q290
SRP18520.txt#offset_102051_102053	Q291
SRP18520.txt#offset_130_134	Q292
SRP18520.txt#offset_42_49	Q293
SRP18520.txt#offset_0_2	Q294
SRP18520.txt#offset_3_9	Q295
SRP18520.txt#offset_100074_100075	Q296
SRP18520.txt#offset_100070_100074	Q297
SRP18520.txt#offset_100077_100078	Q298
SRP18520.txt#offset_100079_100083	Q299
SRP18520.txt#offset_100204_100205	Q300
SRP18520.txt#offset_100194_100204	Q301
SRP18520.txt#offset_100207_100208	Q302
SRP18520.txt#offset_100209_100212	Q303
SRP18520.txt#offset_10027_10028	Q304
SRP18520.txt#offset_10017_10027	Q305
SRP18520.txt#offset_100300_100301	Q306
SRP18520.txt#offset_100291_100300	Q307
SRP18520.txt#offset_100303_100305	Q308
SRP18520.txt#offset_100306_100310	Q309
SRP18520.txt#offset_10030_10032	Q310
SRP18520.txt#offset_10033_10034	Q311
SRP18520.txt#offset_100520_100521	Q312
SRP18520.txt#offset_100512_100520	Q313
SRP18520.txt#offset_100523_100526	Q314
SRP18520.txt#offset_100527_100529	Q315
SRP18520.txt#offset_100647_100648	Q316
SRP18520.txt#offset_100642_100647	Q317
SRP18520.txt#offset_100650_100654	Q318
SRP18520.txt#offset_100655_100660	Q319
SRP18520.txt#offset_100856_100857	Q320
SRP18520.txt#offset_100852_100856	Q321
SRP18520.txt#offset_100859_100862	Q322
SRP18520.txt#offset_100863_100867	Q323
SRP18520.txt#offset_101010_101011	Q324
SRP18520.txt#offset_101003_101010	Q325
SRP18520.txt#offset_101013_101016	Q326
SRP18520.txt#offset_101017_101022	Q327
SRP18520.txt#offset_101041_101042	Q328
SRP18520.txt#offset_101038_101041	Q329
SRP18520.txt#offset_101044_101052	Q330
SRP18520.txt#offset_101053_101054	Q331
SRP18520.txt#offset_101076_101077	Q332
SRP18520.txt#offset_101072_101076	Q333
SRP18520.txt#offset_101079_101082	Q334
SRP18520.txt#offset_101082_101083	Q335
SRP18520.txt#offset_101245_101246	Q336
SRP18520.txt#offset_101238_101245	Q337
SRP18520.txt#offset_101248_101250	Q338
SRP18520.txt#offset_101251_101254	Q339
SRP18520.txt#offset_101352_101353	Q340
SRP18520.txt#offset_101348_101352	Q341
SRP18520.txt#offset_101355_101359	Q342
SRP18520.txt#offset_101360_101363	Q343
SRP18520.txt#offset_101476_101477	Q344
SRP18520.txt#offset_101467_101476	Q345
SRP18520.txt#offset_101479_101482	Q346
SRP18520.txt#offset_101483_101489	Q347
SRP18520.txt#offset_101616_101617	Q348
SRP18520.txt#offset_101610_101616	Q349
SRP18520.txt#offset_101619_101623	Q350
SRP18520.txt#offset_101624_101628	Q351
SRP18520.txt#offset_101698_101699	Q352
SRP18520.txt#offset_101690_101698	Q353
SRP18520.txt#offset_101701_101706	Q354
SRP18520.txt#offset_101706_101707	Q355
SRP18520.txt#offset_101713_101714	Q356
SRP18520.txt#offset_101708_101713	Q357
SRP18520.txt#offset_101716_101718	Q358
SRP18520.txt#offset_101719_101723	Q359
SRP18520.txt#offset_101740_101741	Q360
SRP18520.txt#offset_101734_101740	Q361
SRP18520.txt#offset_101743_101745	Q362
SRP18520.txt#offset_101746_101750	Q363
SRP18520.txt#offset_101766_101767	Q364
SRP18520.txt#offset_101760_101766	Q365
SRP18520.txt#offset_101769_101770	Q366
SRP18520.txt#offset_101771_101773	Q367
SRP18520.txt#offset_101843_101844	Q368
SRP18520.txt#offset_101839_101843	Q369
SRP18520.txt#offset_101846_101847	Q370
SRP18520.txt#offset_101847_101848	Q371
SRP18520.txt#offset_101853_101854	Q372
SRP18520.txt#offset_101852_101853	Q373
SRP18520.txt#offset_101856_101858	Q374
SRP18520.txt#offset_101859_101866	Q375
SRP18520.txt#offset_101_111	Q376
SRP18520.txt#offset_112_121	Q377
SRP18520.txt#offset_102044_102045	Q378
SRP18520.txt#offset_102037_102044	Q379
SRP18520.txt#offset_102047_102050	Q380
SRP18520.txt#offset_102051_102053	Q381
SRP18520.txt#offset_102146_102147	Q382
SRP18520.txt#offset_102139_102146	Q383
SRP18520.txt#offset_102149_102155	Q384
SRP18520.txt#offset_102156_102158	Q385
SRP18520.txt#offset_102252_102253	Q386
SRP18520.txt#offset_102247_102252	Q387
SRP18520.txt#offset_102255_102260	Q388
SRP18520.txt#offset_102261_102264	Q389
SRP18520.txt#offset_102279_102280	Q390
SRP18520.txt#offset_102273_102279	Q391
SRP18520.txt#offset_102290_102291	Q392
SRP18520.txt#offset_102282_102290	Q393
SRP18520.txt#offset_102293_102295	Q394
SRP18520.txt#offset_102295_102296	Q395
SRP18520.txt#offset_102326_102327	Q396
SRP18520.txt#offset_102323_102326	Q397
SRP18520.txt#offset_102329_102333	Q398
SRP18520.txt#offset_102334_102336	Q399
SRP18520.txt#offset_102375_102376	Q400
SRP18520.txt#offset_102366_102375	Q401
SRP18520.txt#offset_102378_102380	Q402
SRP18520.txt#offset_102381_102385	Q403
SRP18520.txt#offset_102462_102463	Q404
SRP18520.txt#offset_102458_102462	Q405
SRP18520.txt#offset_102465_102470	Q406
SRP18520.txt#offset_102470_102471	Q407
SRP18520.txt#offset_102490_102491	Q408
SRP18520.txt#offset_102485_102490	Q409
SRP18520.txt#offset_102493_102500	Q410
SRP18520.txt#offset_102500_102501	Q411
SRP18520.txt#offset_102556_102557	Q412
SRP18520.txt#offset_102552_102556	Q413
SRP18520.txt#offset_102559_102565	Q414
SRP18520.txt#offset_102566_102568	Q415
SRP18520.txt#offset_102623_102624	Q416
SRP18520.txt#offset_102617_102623	Q417
SRP18520.txt#offset_102626_102633	Q418
SRP18520.txt#offset_102634_102636	Q419
SRP18520.txt#offset_102732_102733	Q420
SRP18520.txt#offset_102726_102732	Q421
SRP18520.txt#offset_102735_102736	Q422
SRP18520.txt#offset_102737_102742	Q423
SRP18520.txt#offset_102886_102887	Q424
SRP18520.txt#offset_102882_102886	Q425
SRP18520.txt#offset_102889_102892	Q426
SRP18520.txt#offset_102893_102900	Q427
SRP18520.txt#offset_103045_103046	Q428
SRP18520.txt#offset_103041_103045	Q429
SRP18520.txt#offset_103048_103049	Q430
SRP18520.txt#offset_103050_103055	Q431
SRP18520.txt#offset_103214_103215	Q432
SRP18520.txt#offset_103206_103214	Q433
SRP18520.txt#offset_103217_103222	Q434
SRP18520.txt#offset_103223_103230	Q435
SRP18520.txt#offset_103373_103374	Q436
SRP18520.txt#offset_103365_103373	Q437
SRP18520.txt#offset_103376_103377	Q438
SRP18520.txt#offset_103378_103383	Q439
SRP18520.txt#offset_103529_103530	Q440
SRP18520.txt#offset_103521_103529	Q441
SRP18520.txt#offset_103532_103537	Q442
SRP18520.txt#offset_103538_103543	Q443
SRP18520.txt#offset_103599_103600	Q444
SRP18520.txt#offset_103594_103599	Q445
SRP18520.txt#offset_103602_103606	Q446
SRP18520.txt#offset_103607_103613	Q447
SRP18520.txt#offset_103651_103652	Q448
SRP18520.txt#offset_103644_103651	Q449
SRP18520.txt#offset_103654_103656	Q450
SRP18520.txt#offset_103657_103659	Q451
SRP18520.txt#offset_103795_103796	Q452
SRP18520.txt#offset_103791_103795	Q453
SRP18520.txt#offset_103798_103801	Q454
SRP18520.txt#offset_103802_103804	Q455
SRP18520.txt#offset_103901_103902	Q456
SRP18520.txt#offset_103890_103901	Q457
SRP18520.txt#offset_103904_103905	Q458
SRP18520.txt#offset_103905_103907	Q459
SRP18520.txt#offset_104004_104005	Q460
SRP18520.txt#offset_104003_104004	Q461
SRP18520.txt#offset_104007_104008	Q462
SRP18520.txt#offset_104009_104014	Q463
SRP18520.txt#offset_104101_104102	Q464
SRP18520.txt#offset_104093_104101	Q465
SRP18520.txt#offset_104104_104108	Q466
SRP18520.txt#offset_104109_104111	Q467
SRP18520.txt#offset_104207_104208	Q468
SRP18520.txt#offset_104203_104207	Q469
SRP18520.txt#offset_104210_104211	Q470
SRP18520.txt#offset_104212_104216	Q471
SRP18520.txt#offset_104467_104468	Q472
SRP18520.txt#offset_104463_104467	Q473
SRP18520.txt#offset_104470_104472	Q474
SRP18520.txt#offset_104473_104475	Q475
SRP18520.txt#offset_104541_104542	Q476
SRP18520.txt#offset_104539_104541	Q477
SRP18520.txt#offset_104617_104618	Q478
SRP18520.txt#offset_104611_104617	Q479
SRP18520.txt#offset_104620_104623	Q480
SRP18520.txt#offset_104624_104625	Q481
SRP18520.txt#offset_104659_104660	Q482
SRP18520.txt#offset_104651_104659	Q483
SRP18520.txt#offset_10465_10466	Q484
SRP18520.txt#offset_10464_10465	Q485
SRP18520.txt#offset_104662_104663	Q486
SRP18520.txt#offset_104664_104667	Q487
SRP18520.txt#offset_10468_10471	Q488
SRP18520.txt#offset_10472_10474	Q489
SRP18520.txt#offset_104742_104743	Q490
SRP18520.txt#offset_104737_104742	Q491
SRP18520.txt#offset_104760_104761	Q492
SRP18520.txt#offset_104753_104760	Q493
SRP18520.txt#offset_104763_104766	Q494
SRP18520.txt#offset_104767_104769	Q495
SRP18520.txt#offset_104821_104822	Q496
SRP18520.txt#offset_104815_104821	Q497
SRP18520.txt#offset_104824_104825	Q498
SRP18520.txt#offset_104825_104827	Q499
SRP18520.txt#offset_104829_104832	Q500
SRP18520.txt#offset_104827_104828	Q501
SRP18520.txt#offset_104834_104836	Q502
SRP18520.txt#offset_104837_104840	Q503
SRP18520.txt#offset_104855_104856	Q504
SRP18520.txt#offset_104854_104855	Q505
SRP18520.txt#offset_104858_104859	Q506
SRP18520.txt#offset_104859_104860	Q507
SRP18520.txt#offset_104885_104886	Q508
SRP18520.txt#offset_104877_104885	Q509
SRP18520.txt#offset_104888_104890	Q510
SRP18520.txt#offset_104891_104895	Q511
SRP18520.txt#offset_1048_1049	Q512
SRP18520.txt#offset_1042_1048	Q513
SRP18520.txt#offset_104988_104989	Q514
SRP18520.txt#offset_104987_104988	Q515
SRP18520.txt#offset_104991_104994	Q516
SRP18520.txt#offset_104995_104997	Q517
SRP18520.txt#offset_105034_105035	Q518
SRP18520.txt#offset_105026_105034	Q519
SRP18520.txt#offset_105037_105041	Q520
SRP18520.txt#offset_105042_105044	Q521
SRP18520.txt#offset_105194_105195	Q522
SRP18520.txt#offset_105190_105194	Q523
SRP18520.txt#offset_105197_105200	Q524
SRP18520.txt#offset_105201_105203	Q525
SRP18520.txt#offset_1051_1053	Q526
SRP18520.txt#offset_1054_1056	Q527
SRP18520.txt#offset_105273_105274	Q528
SRP18520.txt#offset_105267_105273	Q529
SRP18520.txt#offset_105385_105386	Q530
SRP18520.txt#offset_105374_105385	Q531
SRP18520.txt#offset_105388_105389	Q532
SRP18520.txt#offset_105389_105394	Q533
SRP18520.txt#offset_105454_105455	Q534
SRP18520.txt#offset_105453_105454	Q535
SRP18520.txt#offset_105518_105519	Q536
SRP18520.txt#offset_105510_105518	Q537
SRP18520.txt#offset_105521_105522	Q538
SRP18520.txt#offset_105522_105524	Q539
SRP18520.txt#offset_10560_10561	Q540
SRP18520.txt#offset_10551_10560	Q541
SRP18520.txt#offset_10563_10564	Q542
SRP18520.txt#offset_10564_10566	Q543
SRP18520.txt#offset_105690_105691	Q544
SRP18520.txt#offset_105684_105690	Q545
SRP18520.txt#offset_105858_105859	Q546
SRP18520.txt#offset_105857_105858	Q547
SRP18520.txt#offset_105966_105967	Q548
SRP18520.txt#offset_105962_105966	Q549
SRP18520.txt#offset_105969_105970	Q550
SRP18520.txt#offset_105970_105972	Q551
SRP18520.txt#offset_106021_106022	Q552
SRP18520.txt#offset_106020_106021	Q553
SRP18520.txt#offset_10737_10738	Q554
SRP18520.txt#offset_10730_10737	Q555
SRP18520.txt#offset_10740_10741	Q556
SRP18520.txt#offset_10741_10743	Q557
SRP18520.txt#offset_10753_10754	Q558
SRP18520.txt#offset_10750_10753	Q559
SRP18520.txt#offset_10926_10927	Q560
SRP18520.txt#offset_10924_10925	Q561
SRP18520.txt#offset_10929_10930	Q562
SRP18520.txt#offset_10930_10933	Q563
SRP18520.txt#offset_11079_11080	Q564
SRP18520.txt#offset_11073_11079	Q565
SRP18520.txt#offset_11082_11085	Q566
SRP18520.txt#offset_11086_11089	Q567
SRP18520.txt#offset_11301_11302	Q568
SRP18520.txt#offset_11299_11300	Q569
SRP18520.txt#offset_11304_11305	Q570
SRP18520.txt#offset_11305_11312	Q571
SRP18520.txt#offset_11379_11380	Q572
SRP18520.txt#offset_11377_11378	Q573
SRP18520.txt#offset_11382_11383	Q574
SRP18520.txt#offset_11383_11388	Q575
SRP18520.txt#offset_11407_11408	Q576
SRP18520.txt#offset_11402_11407	Q577
SRP18520.txt#offset_11410_11411	Q578
SRP18520.txt#offset_11412_11414	Q579
SRP18520.txt#offset_11517_11518	Q580
SRP18520.txt#offset_11508_11517	Q581
SRP18520.txt#offset_11520_11521	Q582
SRP18520.txt#offset_11521_11524	Q583
SRP18520.txt#offset_11600_11601	Q584
SRP18520.txt#offset_11598_11599	Q585
SRP18520.txt#offset_11603_11604	Q586
SRP18520.txt#offset_11604_11608	Q587
SRP18520.txt#offset_11879_11880	Q588
SRP18520.txt#offset_11871_11879	Q589
SRP18520.txt#offset_11882_11883	Q590
SRP18520.txt#offset_11884_11885	Q591
SRP18520.txt#offset_11889_11890	Q592
SRP18520.txt#offset_11888_11889	Q593
SRP18520.txt#offset_11892_11893	Q594
SRP18520.txt#offset_11893_11894	Q595
SRP18520.txt#offset_11925_11926	Q596
SRP18520.txt#offset_11921_11925	Q597
SRP18520.txt#offset_11928_11929	Q598
SRP18520.txt#offset_11930_11935	Q599
SRP18520.txt#offset_12231_12232	Q600
SRP18520.txt#offset_12227_12231	Q601
SRP18520.txt#offset_12234_12235	Q602
SRP18520.txt#offset_12235_12236	Q603
SRP18520.txt#offset_12297_12298	Q604
SRP18520.txt#offset_12287_12297	Q605
SRP18520.txt#offset_122_128	Q606
SRP18520.txt#offset_12300_12301	Q607
SRP18520.txt#offset_12301_12303	Q608
SRP18520.txt#offset_12399_12400	Q609
SRP18520.txt#offset_12393_12399	Q610
SRP18520.txt#offset_12402_12403	Q611
SRP18520.txt#offset_12403_12405	Q612
SRP18520.txt#offset_1273_1274	Q613
SRP18520.txt#offset_1267_1273	Q614
SRP18520.txt#offset_1276_1278	Q615
SRP18520.txt#offset_1278_1279	Q616
SRP18520.txt#offset_12840_12841	Q617
SRP18520.txt#offset_12836_12840	Q618
SRP18520.txt#offset_12843_12844	Q619
SRP18520.txt#offset_12844_12849	Q620
SRP18520.txt#offset_12871_12872	Q621
SRP18520.txt#offset_12867_12871	Q622
SRP18520.txt#offset_12874_12875	Q623
SRP18520.txt#offset_12876_12877	Q624
SRP18520.txt#offset_13370_13371	Q625
SRP18520.txt#offset_13369_13370	Q626
SRP18520.txt#offset_13373_13376	Q627
SRP18520.txt#offset_13377_13379	Q628
SRP18520.txt#offset_13445_13446	Q629
SRP18520.txt#offset_13441_13445	Q630
SRP18520.txt#offset_13448_13452	Q631
SRP18520.txt#offset_13452_13453	Q632
SRP18520.txt#offset_13538_13539	Q633
SRP18520.txt#offset_13532_13538	Q634
SRP18520.txt#offset_13541_13546	Q635
SRP18520.txt#offset_13547_13554	Q636
SRP18520.txt#offset_13583_13584	Q637
SRP18520.txt#offset_13579_13583	Q638
SRP18520.txt#offset_13586_13587	Q639
SRP18520.txt#offset_13587_13592	Q640
SRP18520.txt#offset_13620_13621	Q641
SRP18520.txt#offset_13613_13620	Q642
SRP18520.txt#offset_13623_13625	Q643
SRP18520.txt#offset_13626_13628	Q644
SRP18520.txt#offset_136_139	Q645
SRP18520.txt#offset_140_142	Q646
SRP18520.txt#offset_13818_13819	Q647
SRP18520.txt#offset_13814_13818	Q648
SRP18520.txt#offset_13821_13822	Q649
SRP18520.txt#offset_13822_13829	Q650
SRP18520.txt#offset_13971_13972	Q651
SRP18520.txt#offset_13967_13971	Q652
SRP18520.txt#offset_13974_13975	Q653
SRP18520.txt#offset_13975_13977	Q654
SRP18520.txt#offset_14128_14129	Q655
SRP18520.txt#offset_14119_14128	Q656
SRP18520.txt#offset_1412_1413	Q657
SRP18520.txt#offset_1406_1412	Q658
SRP18520.txt#offset_14131_14134	Q659
SRP18520.txt#offset_14135_14137	Q660
SRP18520.txt#offset_1415_1418	Q661
SRP18520.txt#offset_1419_1423	Q662
SRP18520.txt#offset_14205_14206	Q663
SRP18520.txt#offset_14203_14204	Q664
SRP18520.txt#offset_14208_14209	Q665
SRP18520.txt#offset_14209_14211	Q666
SRP18520.txt#offset_14551_14552	Q667
SRP18520.txt#offset_14550_14551	Q668
SRP18520.txt#offset_14554_14557	Q669
SRP18520.txt#offset_14558_14566	Q670
SRP18520.txt#offset_14721_14722	Q671
SRP18520.txt#offset_14716_14721	Q672
SRP18520.txt#offset_14724_14729	Q673
SRP18520.txt#offset_14730_14736	Q674
SRP18520.txt#offset_14745_14746	Q675
SRP18520.txt#offset_14741_14745	Q676
SRP18520.txt#offset_14748_14749	Q677
SRP18520.txt#offset_14749_14751	Q678
SRP18520.txt#offset_14784_14785	Q679
SRP18520.txt#offset_14777_14784	Q680
SRP18520.txt#offset_14787_14789	Q681
SRP18520.txt#offset_14790_14792	Q682
SRP18520.txt#offset_14920_14921	Q683
SRP18520.txt#offset_14919_14920	Q684
SRP18520.txt#offset_14923_14924	Q685
SRP18520.txt#offset_14924_14929	Q686
SRP18520.txt#offset_14954_14955	Q687
SRP18520.txt#offset_14947_14954	Q688
SRP18520.txt#offset_14957_14960	Q689
SRP18520.txt#offset_14960_14961	Q690
SRP18520.txt#offset_15007_15008	Q691
SRP18520.txt#offset_15006_15007	Q692
SRP18520.txt#offset_15010_15011	Q693
SRP18520.txt#offset_15011_15013	Q694
SRP18520.txt#offset_15128_15129	Q695
SRP18520.txt#offset_15127_15128	Q696
SRP18520.txt#offset_15131_15132	Q697
SRP18520.txt#offset_15132_15137	Q698
SRP18520.txt#offset_15288_15289	Q699
SRP18520.txt#offset_15287_15288	Q700
SRP18520.txt#offset_15291_15292	Q701
SRP18520.txt#offset_15293_15296	Q702
SRP18520.txt#offset_15419_15420	Q703
SRP18520.txt#offset_15415_15419	Q704
SRP18520.txt#offset_15422_15423	Q705
SRP18520.txt#offset_15423_15432	Q706
SRP18520.txt#offset_15525_15526	Q707
SRP18520.txt#offset_15524_15525	Q708
SRP18520.txt#offset_15528_15529	Q709
SRP18520.txt#offset_15529_15532	Q710
SRP18520.txt#offset_1552_1553	Q711
SRP18520.txt#offset_1548_1552	Q712
SRP18520.txt#offset_1555_1560	Q713
SRP18520.txt#offset_1561_1562	Q714
SRP18520.txt#offset_15805_15806	Q715
SRP18520.txt#offset_15803_15804	Q716
SRP18520.txt#offset_15808_15809	Q717
SRP18520.txt#offset_15809_15812	Q718
SRP18520.txt#offset_15892_15893	Q719
SRP18520.txt#offset_15887_15892	Q720
SRP18520.txt#offset_16158_16159	Q721
SRP18520.txt#offset_16152_16158	Q722
SRP18520.txt#offset_16161_16166	Q723
SRP18520.txt#offset_16166_16167	Q724
SRP18520.txt#offset_16173_16174	Q725
SRP18520.txt#offset_16168_16173	Q726
SRP18520.txt#offset_16176_16180	Q727
SRP18520.txt#offset_16181_16183	Q728
SRP18520.txt#offset_16288_16289	Q729
SRP18520.txt#offset_16286_16287	Q730
SRP18520.txt#offset_16291_16292	Q731
SRP18520.txt#offset_16292_16293	Q732
SRP18520.txt#offset_16333_16334	Q733
SRP18520.txt#offset_16326_16333	Q734
SRP18520.txt#offset_16336_16338	Q735
SRP18520.txt#offset_16339_16342	Q736
SRP18520.txt#offset_16705_16706	Q737
SRP18520.txt#offset_16699_16705	Q738
SRP18520.txt#offset_16708_16709	Q739
SRP18520.txt#offset_16710_16713	Q740
SRP18520.txt#offset_17060_17061	Q741
SRP18520.txt#offset_17057_17060	Q742
SRP18520.txt#offset_17101_17102	Q743
SRP18520.txt#offset_17100_17101	Q744
SRP18520.txt#offset_17104_17105	Q745
SRP18520.txt#offset_17105_17109	Q746
SRP18520.txt#offset_1715_1716	Q747
SRP18520.txt#offset_1706_1715	Q748
SRP18520.txt#offset_17184_17185	Q749
SRP18520.txt#offset_17178_17184	Q750
SRP18520.txt#offset_17187_17189	Q751
SRP18520.txt#offset_17190_17198	Q752
SRP18520.txt#offset_1718_1720	Q753
SRP18520.txt#offset_1721_1723	Q754
SRP18520.txt#offset_17403_17404	Q755
SRP18520.txt#offset_17397_17403	Q756
SRP18520.txt#offset_17406_17409	Q757
SRP18520.txt#offset_17410_17414	Q758
SRP18520.txt#offset_17517_17518	Q759
SRP18520.txt#offset_17512_17517	Q760
SRP18520.txt#offset_17520_17524	Q761
SRP18520.txt#offset_17525_17529	Q762
SRP18520.txt#offset_17788_17789	Q763
SRP18520.txt#offset_17784_17788	Q764
SRP18520.txt#offset_17791_17792	Q765
SRP18520.txt#offset_17792_17795	Q766
SRP18520.txt#offset_17883_17884	Q767
SRP18520.txt#offset_17878_17883	Q768
SRP18520.txt#offset_17886_17887	Q769
SRP18520.txt#offset_17887_17888	Q770
SRP18520.txt#offset_17911_17912	Q771
SRP18520.txt#offset_17910_17911	Q772
SRP18520.txt#offset_17914_17915	Q773
SRP18520.txt#offset_17915_17916	Q774
SRP18520.txt#offset_18100_18101	Q775
SRP18520.txt#offset_18093_18100	Q776
SRP18520.txt#offset_18103_18104	Q777
SRP18520.txt#offset_18104_18107	Q778
SRP18520.txt#offset_18280_18281	Q779
SRP18520.txt#offset_18273_18280	Q780
SRP18520.txt#offset_18283_18284	Q781
SRP18520.txt#offset_18284_18289	Q782
SRP18520.txt#offset_18502_18503	Q783
SRP18520.txt#offset_18500_18501	Q784
SRP18520.txt#offset_18505_18506	Q785
SRP18520.txt#offset_18506_18507	Q786
SRP18520.txt#offset_18590_18591	Q787
SRP18520.txt#offset_18586_18590	Q788
SRP18520.txt#offset_18593_18594	Q789
SRP18520.txt#offset_18594_18595	Q790
SRP18520.txt#offset_18752_18753	Q791
SRP18520.txt#offset_18751_18752	Q792
SRP18520.txt#offset_18755_18756	Q793
SRP18520.txt#offset_18756_18759	Q794
SRP18520.txt#offset_18813_18814	Q795
SRP18520.txt#offset_18806_18813	Q796
SRP18520.txt#offset_18816_18817	Q797
SRP18520.txt#offset_18817_18819	Q798
SRP18520.txt#offset_18877_18878	Q799
SRP18520.txt#offset_18873_18877	Q800
SRP18520.txt#offset_18880_18884	Q801
SRP18520.txt#offset_18884_18885	Q802
SRP18520.txt#offset_18923_18924	Q803
SRP18520.txt#offset_18917_18923	Q804
SRP18520.txt#offset_18926_18927	Q805
SRP18520.txt#offset_18927_18928	Q806
SRP18520.txt#offset_19028_19029	Q807
SRP18520.txt#offset_19024_19028	Q808
SRP18520.txt#offset_19031_19032	Q809
SRP18520.txt#offset_19032_19035	Q810
SRP18520.txt#offset_19285_19286	Q811
SRP18520.txt#offset_19284_19285	Q812
SRP18520.txt#offset_19288_19293	Q813
SRP18520.txt#offset_19294_19298	Q814
SRP18520.txt#offset_19361_19362	Q815
SRP18520.txt#offset_19354_19361	Q816
SRP18520.txt#offset_19364_19365	Q817
SRP18520.txt#offset_19365_19366	Q818
SRP18520.txt#offset_19458_19459	Q819
SRP18520.txt#offset_19450_19458	Q820
SRP18520.txt#offset_19461_19462	Q821
SRP18520.txt#offset_19462_19464	Q822
SRP18520.txt#offset_19567_19568	Q823
SRP18520.txt#offset_19563_19567	Q824
SRP18520.txt#offset_19570_19571	Q825
SRP18520.txt#offset_19571_19574	Q826
SRP18520.txt#offset_19773_19774	Q827
SRP18520.txt#offset_19768_19773	Q828
SRP18520.txt#offset_19776_19777	Q829
SRP18520.txt#offset_19777_19778	Q830
SRP18520.txt#offset_19855_19856	Q831
SRP18520.txt#offset_19854_19855	Q832
SRP18520.txt#offset_19858_19859	Q833
SRP18520.txt#offset_19859_19862	Q834
SRP18520.txt#offset_19948_19949	Q835
SRP18520.txt#offset_19944_19948	Q836
SRP18520.txt#offset_19951_19952	Q837
SRP18520.txt#offset_19952_19957	Q838
SRP18520.txt#offset_20168_20169	Q839
SRP18520.txt#offset_20162_20168	Q840
SRP18520.txt#offset_20171_20172	Q841
SRP18520.txt#offset_20172_20176	Q842
SRP18520.txt#offset_20398_20399	Q843
SRP18520.txt#offset_20389_20398	Q844
SRP18520.txt#offset_20401_20402	Q845
SRP18520.txt#offset_20402_20405	Q846
SRP18520.txt#offset_20510_20511	Q847
SRP18520.txt#offset_20505_20510	Q848
SRP18520.txt#offset_20513_20514	Q849
SRP18520.txt#offset_20514_20519	Q850
SRP18520.txt#offset_20611_20612	Q851
SRP18520.txt#offset_20604_20611	Q852
SRP18520.txt#offset_20614_20615	Q853
SRP18520.txt#offset_20616_20617	Q854
SRP18520.txt#offset_20685_20686	Q855
SRP18520.txt#offset_20684_20685	Q856
SRP18520.txt#offset_20688_20689	Q857
SRP18520.txt#offset_20689_20691	Q858
SRP18520.txt#offset_20748_20749	Q859
SRP18520.txt#offset_20743_20748	Q860
SRP18520.txt#offset_20751_20752	Q861
SRP18520.txt#offset_20752_20757	Q862
SRP18520.txt#offset_20787_20788	Q863
SRP18520.txt#offset_20779_20787	Q864
SRP18520.txt#offset_20790_20791	Q865
SRP18520.txt#offset_20791_20792	Q866
SRP18520.txt#offset_20806_20807	Q867
SRP18520.txt#offset_20801_20806	Q868
SRP18520.txt#offset_20809_20811	Q869
SRP18520.txt#offset_20812_20814	Q870
SRP18520.txt#offset_20927_20928	Q871
SRP18520.txt#offset_20926_20927	Q872
SRP18520.txt#offset_20930_20931	Q873
SRP18520.txt#offset_20931_20935	Q874
SRP18520.txt#offset_21105_21106	Q875
SRP18520.txt#offset_21101_21105	Q876
SRP18520.txt#offset_21108_21112	Q877
SRP18520.txt#offset_21113_21115	Q878
SRP18520.txt#offset_21165_21166	Q879
SRP18520.txt#offset_21157_21165	Q880
SRP18520.txt#offset_21168_21170	Q881
SRP18520.txt#offset_21171_21174	Q882
SRP18520.txt#offset_21396_21397	Q883
SRP18520.txt#offset_21392_21396	Q884
SRP18520.txt#offset_21399_21400	Q885
SRP18520.txt#offset_21401_21404	Q886
SRP18520.txt#offset_21423_21424	Q887
SRP18520.txt#offset_21422_21423	Q888
SRP18520.txt#offset_21426_21431	Q889
SRP18520.txt#offset_21432_21439	Q890
SRP18520.txt#offset_21499_21500	Q891
SRP18520.txt#offset_21492_21499	Q892
SRP18520.txt#offset_21502_21503	Q893
SRP18520.txt#offset_21503_21504	Q894
SRP18520.txt#offset_2156_2157	Q895
SRP18520.txt#offset_2153_2156	Q896
SRP18520.txt#offset_2159_2162	Q897
SRP18520.txt#offset_2163_2168	Q898
SRP18520.txt#offset_21718_21719	Q899
SRP18520.txt#offset_21712_21718	Q900
SRP18520.txt#offset_21721_21722	Q901
SRP18520.txt#offset_21722_21727	Q902
SRP18520.txt#offset_21763_21764	Q903
SRP18520.txt#offset_21758_21763	Q904
SRP18520.txt#offset_21766_21769	Q905
SRP18520.txt#offset_21770_21772	Q906
SRP18520.txt#offset_21800_21801	Q907
SRP18520.txt#offset_21796_21800	Q908
SRP18520.txt#offset_21803_21804	Q909
SRP18520.txt#offset_21804_21805	Q910
SRP18520.txt#offset_21844_21845	Q911
SRP18520.txt#offset_21839_21844	Q912
SRP18520.txt#offset_21847_21854	Q913
SRP18520.txt#offset_21855_21859	Q914
SRP18520.txt#offset_21974_21975	Q915
SRP18520.txt#offset_21970_21974	Q916
SRP18520.txt#offset_21977_21980	Q917
SRP18520.txt#offset_21981_21983	Q918
SRP18520.txt#offset_22241_22242	Q919
SRP18520.txt#offset_22235_22241	Q920
SRP18520.txt#offset_22244_22245	Q921
SRP18520.txt#offset_22245_22247	Q922
SRP18520.txt#offset_22363_22364	Q923
SRP18520.txt#offset_22355_22363	Q924
SRP18520.txt#offset_22366_22367	Q925
SRP18520.txt#offset_22367_22369	Q926
SRP18520.txt#offset_22462_22463	Q927
SRP18520.txt#offset_22456_22462	Q928
SRP18520.txt#offset_22465_22468	Q929
SRP18520.txt#offset_22469_22471	Q930
SRP18520.txt#offset_22651_22652	Q931
SRP18520.txt#offset_22643_22651	Q932
SRP18520.txt#offset_22654_22656	Q933
SRP18520.txt#offset_22657_22663	Q934
SRP18520.txt#offset_22718_22719	Q935
SRP18520.txt#offset_22712_22718	Q936
SRP18520.txt#offset_22721_22728	Q937
SRP18520.txt#offset_22729_22731	Q938
SRP18520.txt#offset_22836_22837	Q939
SRP18520.txt#offset_22831_22836	Q940
SRP18520.txt#offset_22839_22842	Q941
SRP18520.txt#offset_22843_22845	Q942
SRP18520.txt#offset_22914_22915	Q943
SRP18520.txt#offset_22913_22914	Q944
SRP18520.txt#offset_22917_22918	Q945
SRP18520.txt#offset_22918_22920	Q946
SRP18520.txt#offset_22969_22970	Q947
SRP18520.txt#offset_22963_22969	Q948
SRP18520.txt#offset_22972_22973	Q949
SRP18520.txt#offset_22973_22978	Q950
SRP18520.txt#offset_23083_23084	Q951
SRP18520.txt#offset_23082_23083	Q952
SRP18520.txt#offset_23086_23087	Q953
SRP18520.txt#offset_23087_23090	Q954
SRP18520.txt#offset_23094_23095	Q955
SRP18520.txt#offset_23093_23094	Q956
SRP18520.txt#offset_23097_23098	Q957
SRP18520.txt#offset_23098_23102	Q958
SRP18520.txt#offset_23296_23297	Q959
SRP18520.txt#offset_23290_23296	Q960
SRP18520.txt#offset_23299_23300	Q961
SRP18520.txt#offset_23300_23304	Q962
SRP18520.txt#offset_23333_23334	Q963
SRP18520.txt#offset_23329_23333	Q964
SRP18520.txt#offset_23336_23339	Q965
SRP18520.txt#offset_23340_23343	Q966
SRP18520.txt#offset_2347_2348	Q967
SRP18520.txt#offset_2335_2347	Q968
SRP18520.txt#offset_23508_23509	Q969
SRP18520.txt#offset_23507_23508	Q970
SRP18520.txt#offset_2350_2356	Q971
SRP18520.txt#offset_2357_2360	Q972
SRP18520.txt#offset_23511_23512	Q973
SRP18520.txt#offset_23513_23516	Q974
SRP18520.txt#offset_23659_23660	Q975
SRP18520.txt#offset_23658_23659	Q976
SRP18520.txt#offset_23662_23663	Q977
SRP18520.txt#offset_23663_23664	Q978
SRP18520.txt#offset_23680_23681	Q979
SRP18520.txt#offset_23679_23680	Q980
SRP18520.txt#offset_23683_23684	Q981
SRP18520.txt#offset_23684_23686	Q982
SRP18520.txt#offset_23828_23829	Q983
SRP18520.txt#offset_23824_23828	Q984
SRP18520.txt#offset_23831_23835	Q985
SRP18520.txt#offset_23836_23840	Q986
SRP18520.txt#offset_23860_23861	Q987
SRP18520.txt#offset_23859_23860	Q988
SRP18520.txt#offset_23863_23864	Q989
SRP18520.txt#offset_23864_23866	Q990
SRP18520.txt#offset_2387_2388	Q991
SRP18520.txt#offset_2381_2387	Q992
SRP18520.txt#offset_2390_2391	Q993
SRP18520.txt#offset_2392_2403	Q994
SRP18520.txt#offset_23911_23912	Q995
SRP18520.txt#offset_23910_23911	Q996
SRP18520.txt#offset_23914_23915	Q997
SRP18520.txt#offset_23915_23920	Q998
SRP18520.txt#offset_24002_24003	Q999
SRP18520.txt#offset_24000_24002	Q1000
SRP18520.txt#offset_24005_24008	Q1001
SRP18520.txt#offset_24009_24013	Q1002
SRP18520.txt#offset_24085_24086	Q1003
SRP18520.txt#offset_24081_24085	Q1004
SRP18520.txt#offset_24088_24089	Q1005
SRP18520.txt#offset_24089_24090	Q1006
SRP18520.txt#offset_24114_24115	Q1007
SRP18520.txt#offset_24113_24114	Q1008
SRP18520.txt#offset_24117_24118	Q1009
SRP18520.txt#offset_24118_24119	Q1010
SRP18520.txt#offset_24206_24207	Q1011
SRP18520.txt#offset_24205_24206	Q1012
SRP18520.txt#offset_24209_24210	Q1013
SRP18520.txt#offset_24210_24211	Q1014
SRP18520.txt#offset_24287_24288	Q1015
SRP18520.txt#offset_24281_24287	Q1016
SRP18520.txt#offset_24290_24292	Q1017
SRP18520.txt#offset_24293_24295	Q1018
SRP18520.txt#offset_24337_24338	Q1019
SRP18520.txt#offset_24336_24337	Q1020
SRP18520.txt#offset_24340_24341	Q1021
SRP18520.txt#offset_24341_24342	Q1022
SRP18520.txt#offset_24501_24502	Q1023
SRP18520.txt#offset_24500_24501	Q1024
SRP18520.txt#offset_24504_24505	Q1025
SRP18520.txt#offset_24505_24506	Q1026
SRP18520.txt#offset_24596_24597	Q1027
SRP18520.txt#offset_24591_24596	Q1028
SRP18520.txt#offset_24599_24600	Q1029
SRP18520.txt#offset_24600_24602	Q1030
SRP18520.txt#offset_24753_24754	Q1031
SRP18520.txt#offset_24746_24753	Q1032
SRP18520.txt#offset_24756_24757	Q1033
SRP18520.txt#offset_24757_24760	Q1034
SRP18520.txt#offset_24816_24817	Q1035
SRP18520.txt#offset_24809_24816	Q1036
SRP18520.txt#offset_24819_24820	Q1037
SRP18520.txt#offset_24820_24821	Q1038
SRP18520.txt#offset_24926_24927	Q1039
SRP18520.txt#offset_24918_24926	Q1040
SRP18520.txt#offset_24929_24930	Q1041
SRP18520.txt#offset_24930_24931	Q1042
SRP18520.txt#offset_2501_2502	Q1043
SRP18520.txt#offset_2497_2501	Q1044
SRP18520.txt#offset_25024_25025	Q1045
SRP18520.txt#offset_25023_25024	Q1046
SRP18520.txt#offset_25027_25028	Q1047
SRP18520.txt#offset_25028_25029	Q1048
SRP18520.txt#offset_2504_2509	Q1049
SRP18520.txt#offset_2510_2511	Q1050
SRP18520.txt#offset_25055_25056	Q1051
SRP18520.txt#offset_25054_25055	Q1052
SRP18520.txt#offset_25058_25059	Q1053
SRP18520.txt#offset_25059_25060	Q1054
SRP18520.txt#offset_25097_25098	Q1055
SRP18520.txt#offset_25091_25097	Q1056
SRP18520.txt#offset_25100_25102	Q1057
SRP18520.txt#offset_25103_25106	Q1058
SRP18520.txt#offset_25155_25156	Q1059
SRP18520.txt#offset_25151_25155	Q1060
SRP18520.txt#offset_25158_25159	Q1061
SRP18520.txt#offset_25159_25160	Q1062
SRP18520.txt#offset_25211_25212	Q1063
SRP18520.txt#offset_25207_25211	Q1064
SRP18520.txt#offset_25214_25216	Q1065
SRP18520.txt#offset_25217_25219	Q1066
SRP18520.txt#offset_25302_25303	Q1067
SRP18520.txt#offset_25298_25302	Q1068
SRP18520.txt#offset_25305_25308	Q1069
SRP18520.txt#offset_25309_25311	Q1070
SRP18520.txt#offset_25350_25351	Q1071
SRP18520.txt#offset_25349_25350	Q1072
SRP18520.txt#offset_25353_25354	Q1073
SRP18520.txt#offset_25354_25355	Q1074
SRP18520.txt#offset_25398_25399	Q1075
SRP18520.txt#offset_25396_25398	Q1076
SRP18520.txt#offset_25401_25402	Q1077
SRP18520.txt#offset_25402_25403	Q1078
SRP18520.txt#offset_25441_25442	Q1079
SRP18520.txt#offset_25440_25441	Q1080
SRP18520.txt#offset_25444_25445	Q1081
SRP18520.txt#offset_25445_25446	Q1082
SRP18520.txt#offset_25493_25494	Q1083
SRP18520.txt#offset_25488_25493	Q1084
SRP18520.txt#offset_25496_25497	Q1085
SRP18520.txt#offset_25497_25499	Q1086
SRP18520.txt#offset_25561_25562	Q1087
SRP18520.txt#offset_25558_25561	Q1088
SRP18520.txt#offset_25564_25565	Q1089
SRP18520.txt#offset_25565_25567	Q1090
SRP18520.txt#offset_25846_25847	Q1091
SRP18520.txt#offset_25838_25846	Q1092
SRP18520.txt#offset_25849_25850	Q1093
SRP18520.txt#offset_25850_25853	Q1094
SRP18520.txt#offset_25953_25954	Q1095
SRP18520.txt#offset_25950_25953	Q1096
SRP18520.txt#offset_25956_25957	Q1097
SRP18520.txt#offset_25957_25962	Q1098
SRP18520.txt#offset_26010_26011	Q1099
SRP18520.txt#offset_26007_26010	Q1100
SRP18520.txt#offset_26013_26015	Q1101
SRP18520.txt#offset_26016_26021	Q1102
SRP18520.txt#offset_26192_26193	Q1103
SRP18520.txt#offset_26181_26192	Q1104
SRP18520.txt#offset_26195_26196	Q1105
SRP18520.txt#offset_26196_26199	Q1106
SRP18520.txt#offset_26425_26426	Q1107
SRP18520.txt#offset_26422_26425	Q1108
SRP18520.txt#offset_26428_26429	Q1109
SRP18520.txt#offset_26429_26431	Q1110
SRP18520.txt#offset_26600_26601	Q1111
SRP18520.txt#offset_26598_26600	Q1112
SRP18520.txt#offset_26603_26604	Q1113
SRP18520.txt#offset_26604_26606	Q1114
SRP18520.txt#offset_26692_26693	Q1115
SRP18520.txt#offset_26689_26692	Q1116
SRP18520.txt#offset_26695_26697	Q1117
SRP18520.txt#offset_26698_26699	Q1118
SRP18520.txt#offset_26793_26794	Q1119
SRP18520.txt#offset_26787_26793	Q1120
SRP18520.txt#offset_26796_26797	Q1121
SRP18520.txt#offset_26797_26800	Q1122
SRP18520.txt#offset_26961_26962	Q1123
SRP18520.txt#offset_26957_26961	Q1124
SRP18520.txt#offset_26964_26967	Q1125
SRP18520.txt#offset_26968_26973	Q1126
SRP18520.txt#offset_26993_26994	Q1127
SRP18520.txt#offset_26988_26993	Q1128
SRP18520.txt#offset_26996_26997	Q1129
SRP18520.txt#offset_26997_27002	Q1130
SRP18520.txt#offset_27211_27212	Q1131
SRP18520.txt#offset_27210_27211	Q1132
SRP18520.txt#offset_27214_27215	Q1133
SRP18520.txt#offset_27215_27219	Q1134
SRP18520.txt#offset_27281_27282	Q1135
SRP18520.txt#offset_27276_27281	Q1136
SRP18520.txt#offset_27284_27289	Q1137
SRP18520.txt#offset_27290_27293	Q1138
SRP18520.txt#offset_2737_2738	Q1139
SRP18520.txt#offset_2731_2737	Q1140
SRP18520.txt#offset_2740_2743	Q1141
SRP18520.txt#offset_2744_2747	Q1142
SRP18520.txt#offset_27457_27458	Q1143
SRP18520.txt#offset_27453_27457	Q1144
SRP18520.txt#offset_27460_27461	Q1145
SRP18520.txt#offset_27461_27462	Q1146
SRP18520.txt#offset_27770_27771	Q1147
SRP18520.txt#offset_27769_27770	Q1148
SRP18520.txt#offset_27773_27774	Q1149
SRP18520.txt#offset_27774_27775	Q1150
SRP18520.txt#offset_27829_27830	Q1151
SRP18520.txt#offset_27828_27829	Q1152
SRP18520.txt#offset_27832_27833	Q1153
SRP18520.txt#offset_27833_27834	Q1154
SRP18520.txt#offset_27882_27883	Q1155
SRP18520.txt#offset_27876_27882	Q1156
SRP18520.txt#offset_27885_27890	Q1157
SRP18520.txt#offset_27891_27893	Q1158
SRP18520.txt#offset_27940_27941	Q1159
SRP18520.txt#offset_27939_27940	Q1160
SRP18520.txt#offset_27943_27944	Q1161
SRP18520.txt#offset_27944_27945	Q1162
SRP18520.txt#offset_27_29	Q1163
SRP18520.txt#offset_19_26	Q1164
SRP18520.txt#offset_28013_28014	Q1165
SRP18520.txt#offset_28012_28013	Q1166
SRP18520.txt#offset_28016_28017	Q1167
SRP18520.txt#offset_28017_28021	Q1168
SRP18520.txt#offset_28092_28093	Q1169
SRP18520.txt#offset_28085_28092	Q1170
SRP18520.txt#offset_28095_28098	Q1171
SRP18520.txt#offset_28099_28102	Q1172
SRP18520.txt#offset_28132_28133	Q1173
SRP18520.txt#offset_28126_28132	Q1174
SRP18520.txt#offset_28135_28136	Q1175
SRP18520.txt#offset_28136_28139	Q1176
SRP18520.txt#offset_28227_28228	Q1177
SRP18520.txt#offset_28223_28227	Q1178
SRP18520.txt#offset_28230_28231	Q1179
SRP18520.txt#offset_28231_28233	Q1180
SRP18520.txt#offset_28285_28286	Q1181
SRP18520.txt#offset_28280_28285	Q1182
SRP18520.txt#offset_28288_28289	Q1183
SRP18520.txt#offset_28289_28292	Q1184
SRP18520.txt#offset_282_283	Q1185
SRP18520.txt#offset_280_281	Q1186
SRP18520.txt#offset_2837_2838	Q1187
SRP18520.txt#offset_2830_2837	Q1188
SRP18520.txt#offset_2840_2842	Q1189
SRP18520.txt#offset_2843_2849	Q1190
SRP18520.txt#offset_28448_28449	Q1191
SRP18520.txt#offset_28444_28448	Q1192
SRP18520.txt#offset_28451_28452	Q1193
SRP18520.txt#offset_28452_28458	Q1194
SRP18520.txt#offset_28536_28537	Q1195
SRP18520.txt#offset_28532_28536	Q1196
SRP18520.txt#offset_28539_28540	Q1197
SRP18520.txt#offset_28540_28541	Q1198
SRP18520.txt#offset_28580_28581	Q1199
SRP18520.txt#offset_28579_28580	Q1200
SRP18520.txt#offset_28583_28584	Q1201
SRP18520.txt#offset_28584_28585	Q1202
SRP18520.txt#offset_285_289	Q1203
SRP18520.txt#offset_290_292	Q1204
SRP18520.txt#offset_28680_28681	Q1205
SRP18520.txt#offset_28679_28680	Q1206
SRP18520.txt#offset_28683_28684	Q1207
SRP18520.txt#offset_28684_28685	Q1208
SRP18520.txt#offset_28699_28700	Q1209
SRP18520.txt#offset_28698_28699	Q1210
SRP18520.txt#offset_28702_28703	Q1211
SRP18520.txt#offset_28703_28704	Q1212
SRP18520.txt#offset_28846_28847	Q1213
SRP18520.txt#offset_28845_28846	Q1214
SRP18520.txt#offset_28849_28850	Q1215
SRP18520.txt#offset_28850_28851	Q1216
SRP18520.txt#offset_28882_28883	Q1217
SRP18520.txt#offset_28881_28882	Q1218
SRP18520.txt#offset_28885_28886	Q1219
SRP18520.txt#offset_28886_28887	Q1220
SRP18520.txt#offset_28929_28930	Q1221
SRP18520.txt#offset_28922_28929	Q1222
SRP18520.txt#offset_28932_28939	Q1223
SRP18520.txt#offset_28940_28942	Q1224
SRP18520.txt#offset_28962_28963	Q1225
SRP18520.txt#offset_28959_28962	Q1226
SRP18520.txt#offset_28965_28966	Q1227
SRP18520.txt#offset_28967_28971	Q1228
SRP18520.txt#offset_29055_29056	Q1229
SRP18520.txt#offset_29054_29055	Q1230
SRP18520.txt#offset_29058_29059	Q1231
SRP18520.txt#offset_29059_29061	Q1232
SRP18520.txt#offset_29223_29224	Q1233
SRP18520.txt#offset_29222_29223	Q1234
SRP18520.txt#offset_29226_29227	Q1235
SRP18520.txt#offset_29227_29229	Q1236
SRP18520.txt#offset_29460_29461	Q1237
SRP18520.txt#offset_29458_29459	Q1238
SRP18520.txt#offset_29463_29464	Q1239
SRP18520.txt#offset_29464_29466	Q1240
SRP18520.txt#offset_29509_29510	Q1241
SRP18520.txt#offset_29505_29509	Q1242
SRP18520.txt#offset_29512_29513	Q1243
SRP18520.txt#offset_29513_29514	Q1244
SRP18520.txt#offset_29630_29631	Q1245
SRP18520.txt#offset_29621_29630	Q1246
SRP18520.txt#offset_29633_29636	Q1247
SRP18520.txt#offset_29637_29639	Q1248
SRP18520.txt#offset_29783_29784	Q1249
SRP18520.txt#offset_29780_29783	Q1250
SRP18520.txt#offset_29786_29787	Q1251
SRP18520.txt#offset_29788_29791	Q1252
SRP18520.txt#offset_29914_29915	Q1253
SRP18520.txt#offset_29906_29914	Q1254
SRP18520.txt#offset_29917_29918	Q1255
SRP18520.txt#offset_29918_29919	Q1256
SRP18520.txt#offset_29988_29989	Q1257
SRP18520.txt#offset_29977_29988	Q1258
SRP18520.txt#offset_29991_29992	Q1259
SRP18520.txt#offset_29992_29997	Q1260
SRP18520.txt#offset_29997_29998	Q1261
SRP18520.txt#offset_30000_30001	Q1262
SRP18520.txt#offset_30002_30006	Q1263
SRP18520.txt#offset_30044_30045	Q1264
SRP18520.txt#offset_30040_30044	Q1265
SRP18520.txt#offset_30047_30052	Q1266
SRP18520.txt#offset_30052_30053	Q1267
SRP18520.txt#offset_30082_30083	Q1268
SRP18520.txt#offset_30078_30082	Q1269
SRP18520.txt#offset_30085_30087	Q1270
SRP18520.txt#offset_30088_30092	Q1271
SRP18520.txt#offset_30182_30183	Q1272
SRP18520.txt#offset_30181_30182	Q1273
SRP18520.txt#offset_30185_30186	Q1274
SRP18520.txt#offset_30186_30187	Q1275
SRP18520.txt#offset_30260_30261	Q1276
SRP18520.txt#offset_30258_30260	Q1277
SRP18520.txt#offset_30263_30264	Q1278
SRP18520.txt#offset_30265_30271	Q1279
SRP18520.txt#offset_30349_30352	Q1280
SRP18520.txt#offset_30343_30348	Q1281
SRP18520.txt#offset_30359_30360	Q1282
SRP18520.txt#offset_30354_30359	Q1283
SRP18520.txt#offset_30393_30396	Q1284
SRP18520.txt#offset_30387_30392	Q1285
SRP18520.txt#offset_30398_30399	Q1286
SRP18520.txt#offset_30400_30402	Q1287
SRP18520.txt#offset_30455_30456	Q1288
SRP18520.txt#offset_30454_30455	Q1289
SRP18520.txt#offset_30458_30459	Q1290
SRP18520.txt#offset_30459_30461	Q1291
SRP18520.txt#offset_30528_30529	Q1292
SRP18520.txt#offset_30527_30528	Q1293
SRP18520.txt#offset_30531_30532	Q1294
SRP18520.txt#offset_30532_30533	Q1295
SRP18520.txt#offset_30564_30565	Q1296
SRP18520.txt#offset_30560_30564	Q1297
SRP18520.txt#offset_30567_30568	Q1298
SRP18520.txt#offset_30568_30569	Q1299
SRP18520.txt#offset_30734_30735	Q1300
SRP18520.txt#offset_30733_30734	Q1301
SRP18520.txt#offset_30737_30738	Q1302
SRP18520.txt#offset_30738_30743	Q1303
SRP18520.txt#offset_30862_30863	Q1304
SRP18520.txt#offset_30861_30862	Q1305
SRP18520.txt#offset_30865_30866	Q1306
SRP18520.txt#offset_30866_30867	Q1307
SRP18520.txt#offset_31013_31014	Q1308
SRP18520.txt#offset_31007_31013	Q1309
SRP18520.txt#offset_31016_31017	Q1310
SRP18520.txt#offset_31017_31021	Q1311
SRP18520.txt#offset_3104_3105	Q1312
SRP18520.txt#offset_3096_3104	Q1313
SRP18520.txt#offset_3107_3109	Q1314
SRP18520.txt#offset_3110_3116	Q1315
SRP18520.txt#offset_31287_31288	Q1316
SRP18520.txt#offset_31279_31287	Q1317
SRP18520.txt#offset_31290_31291	Q1318
SRP18520.txt#offset_31291_31293	Q1319
SRP18520.txt#offset_31444_31445	Q1320
SRP18520.txt#offset_31443_31444	Q1321
SRP18520.txt#offset_31447_31448	Q1322
SRP18520.txt#offset_31448_31449	Q1323
SRP18520.txt#offset_31694_31695	Q1324
SRP18520.txt#offset_31693_31694	Q1325
SRP18520.txt#offset_31697_31698	Q1326
SRP18520.txt#offset_31698_31699	Q1327
SRP18520.txt#offset_31817_31818	Q1328
SRP18520.txt#offset_31816_31817	Q1329
SRP18520.txt#offset_31820_31821	Q1330
SRP18520.txt#offset_31821_31822	Q1331
SRP18520.txt#offset_31835_31836	Q1332
SRP18520.txt#offset_31832_31835	Q1333
SRP18520.txt#offset_31838_31840	Q1334
SRP18520.txt#offset_31841_31843	Q1335
SRP18520.txt#offset_31967_31968	Q1336
SRP18520.txt#offset_31966_31967	Q1337
SRP18520.txt#offset_31970_31971	Q1338
SRP18520.txt#offset_31971_31972	Q1339
SRP18520.txt#offset_31983_31984	Q1340
SRP18520.txt#offset_31976_31983	Q1341
SRP18520.txt#offset_31986_31991	Q1342
SRP18520.txt#offset_31992_31998	Q1343
SRP18520.txt#offset_31998_31999	Q1344
SRP18520.txt#offset_31_34	Q1345
SRP18520.txt#offset_35_40	Q1346
SRP18520.txt#offset_32001_32002	Q1347
SRP18520.txt#offset_32003_32005	Q1348
SRP18520.txt#offset_32036_32037	Q1349
SRP18520.txt#offset_32035_32036	Q1350
SRP18520.txt#offset_32039_32040	Q1351
SRP18520.txt#offset_32040_32041	Q1352
SRP18520.txt#offset_32121_32122	Q1353
SRP18520.txt#offset_32120_32121	Q1354
SRP18520.txt#offset_32124_32125	Q1355
SRP18520.txt#offset_32125_32128	Q1356
SRP18520.txt#offset_32294_32295	Q1357
SRP18520.txt#offset_32290_32294	Q1358
SRP18520.txt#offset_32297_32298	Q1359
SRP18520.txt#offset_32298_32303	Q1360
SRP18520.txt#offset_32507_32508	Q1361
SRP18520.txt#offset_32501_32507	Q1362
SRP18520.txt#offset_32510_32512	Q1363
SRP18520.txt#offset_32513_32518	Q1364
SRP18520.txt#offset_32769_32770	Q1365
SRP18520.txt#offset_32762_32769	Q1366
SRP18520.txt#offset_32772_32773	Q1367
SRP18520.txt#offset_32774_32778	Q1368
SRP18520.txt#offset_32957_32958	Q1369
SRP18520.txt#offset_32947_32957	Q1370
SRP18520.txt#offset_32960_32961	Q1371
SRP18520.txt#offset_32961_32966	Q1372
SRP18520.txt#offset_33142_33143	Q1373
SRP18520.txt#offset_33136_33142	Q1374
SRP18520.txt#offset_33145_33146	Q1375
SRP18520.txt#offset_33146_33149	Q1376
SRP18520.txt#offset_3326_3327	Q1377
SRP18520.txt#offset_3322_3326	Q1378
SRP18520.txt#offset_3329_3330	Q1379
SRP18520.txt#offset_3330_3335	Q1380
SRP18520.txt#offset_33300_33301	Q1381
SRP18520.txt#offset_33293_33300	Q1382
SRP18520.txt#offset_33303_33304	Q1383
SRP18520.txt#offset_33304_33306	Q1384
SRP18520.txt#offset_33464_33465	Q1385
SRP18520.txt#offset_33463_33464	Q1386
SRP18520.txt#offset_33467_33468	Q1387
SRP18520.txt#offset_33468_33469	Q1388
SRP18520.txt#offset_33506_33507	Q1389
SRP18520.txt#offset_33502_33506	Q1390
SRP18520.txt#offset_33509_33510	Q1391
SRP18520.txt#offset_33510_33511	Q1392
SRP18520.txt#offset_33682_33683	Q1393
SRP18520.txt#offset_33676_33682	Q1394
SRP18520.txt#offset_33685_33686	Q1395
SRP18520.txt#offset_33686_33692	Q1396
SRP18520.txt#offset_33738_33739	Q1397
SRP18520.txt#offset_33735_33738	Q1398
SRP18520.txt#offset_33741_33742	Q1399
SRP18520.txt#offset_33743_33748	Q1400
SRP18520.txt#offset_33896_33899	Q1401
SRP18520.txt#offset_33891_33895	Q1402
SRP18520.txt#offset_33901_33904	Q1403
SRP18520.txt#offset_33905_33907	Q1404
SRP18520.txt#offset_33919_33920	Q1405
SRP18520.txt#offset_33918_33919	Q1406
SRP18520.txt#offset_33922_33923	Q1407
SRP18520.txt#offset_33924_33930	Q1408
SRP18520.txt#offset_33997_33998	Q1409
SRP18520.txt#offset_33990_33997	Q1410
SRP18520.txt#offset_34000_34001	Q1411
SRP18520.txt#offset_34001_34007	Q1412
SRP18520.txt#offset_34043_34044	Q1413
SRP18520.txt#offset_34042_34043	Q1414
SRP18520.txt#offset_34186_34187	Q1415
SRP18520.txt#offset_34179_34186	Q1416
SRP18520.txt#offset_34189_34191	Q1417
SRP18520.txt#offset_34192_34193	Q1418
SRP18520.txt#offset_34328_34329	Q1419
SRP18520.txt#offset_34321_34328	Q1420
SRP18520.txt#offset_34331_34332	Q1421
SRP18520.txt#offset_34332_34337	Q1422
SRP18520.txt#offset_34369_34370	Q1423
SRP18520.txt#offset_34368_34369	Q1424
SRP18520.txt#offset_34372_34373	Q1425
SRP18520.txt#offset_34373_34378	Q1426
SRP18520.txt#offset_34435_34436	Q1427
SRP18520.txt#offset_34431_34435	Q1428
SRP18520.txt#offset_34438_34439	Q1429
SRP18520.txt#offset_34440_34447	Q1430
SRP18520.txt#offset_34462_34463	Q1431
SRP18520.txt#offset_34461_34462	Q1432
SRP18520.txt#offset_34465_34466	Q1433
SRP18520.txt#offset_34466_34471	Q1434
SRP18520.txt#offset_34474_34475	Q1435
SRP18520.txt#offset_34472_34474	Q1436
SRP18520.txt#offset_34477_34479	Q1437
SRP18520.txt#offset_34480_34484	Q1438
SRP18520.txt#offset_34532_34533	Q1439
SRP18520.txt#offset_34528_34532	Q1440
SRP18520.txt#offset_34535_34538	Q1441
SRP18520.txt#offset_34539_34541	Q1442
SRP18520.txt#offset_34553_34554	Q1443
SRP18520.txt#offset_34552_34553	Q1444
SRP18520.txt#offset_34556_34557	Q1445
SRP18520.txt#offset_34557_34559	Q1446
SRP18520.txt#offset_34595_34596	Q1447
SRP18520.txt#offset_34594_34595	Q1448
SRP18520.txt#offset_34598_34599	Q1449
SRP18520.txt#offset_34599_34601	Q1450
SRP18520.txt#offset_34690_34691	Q1451
SRP18520.txt#offset_34679_34690	Q1452
SRP18520.txt#offset_34693_34696	Q1453
SRP18520.txt#offset_34697_34699	Q1454
SRP18520.txt#offset_34743_34744	Q1455
SRP18520.txt#offset_34742_34743	Q1456
SRP18520.txt#offset_34746_34747	Q1457
SRP18520.txt#offset_34747_34752	Q1458
SRP18520.txt#offset_3477_3478	Q1459
SRP18520.txt#offset_3476_3477	Q1460
SRP18520.txt#offset_34834_34837	Q1461
SRP18520.txt#offset_34829_34833	Q1462
SRP18520.txt#offset_34839_34841	Q1463
SRP18520.txt#offset_34842_34845	Q1464
SRP18520.txt#offset_34873_34874	Q1465
SRP18520.txt#offset_34869_34873	Q1466
SRP18520.txt#offset_34876_34878	Q1467
SRP18520.txt#offset_34879_34881	Q1468
SRP18520.txt#offset_34898_34899	Q1469
SRP18520.txt#offset_34897_34898	Q1470
SRP18520.txt#offset_34901_34902	Q1471
SRP18520.txt#offset_34902_34904	Q1472
SRP18520.txt#offset_34916_34917	Q1473
SRP18520.txt#offset_34915_34916	Q1474
SRP18520.txt#offset_34919_34920	Q1475
SRP18520.txt#offset_34920_34922	Q1476
SRP18520.txt#offset_34940_34941	Q1477
SRP18520.txt#offset_34939_34940	Q1478
SRP18520.txt#offset_34943_34944	Q1479
SRP18520.txt#offset_34944_34947	Q1480
SRP18520.txt#offset_34961_34962	Q1481
SRP18520.txt#offset_34958_34961	Q1482
SRP18520.txt#offset_34964_34965	Q1483
SRP18520.txt#offset_34965_34969	Q1484
SRP18520.txt#offset_35015_35018	Q1485
SRP18520.txt#offset_35009_35014	Q1486
SRP18520.txt#offset_35020_35022	Q1487
SRP18520.txt#offset_35023_35028	Q1488
SRP18520.txt#offset_35251_35252	Q1489
SRP18520.txt#offset_35249_35250	Q1490
SRP18520.txt#offset_35254_35255	Q1491
SRP18520.txt#offset_35255_35260	Q1492
SRP18520.txt#offset_35452_35455	Q1493
SRP18520.txt#offset_35446_35451	Q1494
SRP18520.txt#offset_35457_35459	Q1495
SRP18520.txt#offset_35460_35461	Q1496
SRP18520.txt#offset_35528_35529	Q1497
SRP18520.txt#offset_35524_35528	Q1498
SRP18520.txt#offset_35531_35532	Q1499
SRP18520.txt#offset_35532_35533	Q1500
SRP18520.txt#offset_35571_35572	Q1501
SRP18520.txt#offset_35567_35571	Q1502
SRP18520.txt#offset_35574_35578	Q1503
SRP18520.txt#offset_35579_35582	Q1504
SRP18520.txt#offset_35626_35629	Q1505
SRP18520.txt#offset_35621_35625	Q1506
SRP18520.txt#offset_35631_35632	Q1507
SRP18520.txt#offset_35632_35633	Q1508
SRP18520.txt#offset_35663_35664	Q1509
SRP18520.txt#offset_35662_35663	Q1510
SRP18520.txt#offset_35666_35669	Q1511
SRP18520.txt#offset_35670_35672	Q1512
SRP18520.txt#offset_3570_3571	Q1513
SRP18520.txt#offset_3563_3570	Q1514
SRP18520.txt#offset_3573_3574	Q1515
SRP18520.txt#offset_3574_3578	Q1516
SRP18520.txt#offset_35925_35926	Q1517
SRP18520.txt#offset_35920_35925	Q1518
SRP18520.txt#offset_35928_35930	Q1519
SRP18520.txt#offset_35931_35935	Q1520
SRP18520.txt#offset_36079_36080	Q1521
SRP18520.txt#offset_36075_36079	Q1522
SRP18520.txt#offset_36082_36083	Q1523
SRP18520.txt#offset_36083_36084	Q1524
SRP18520.txt#offset_36143_36144	Q1525
SRP18520.txt#offset_36135_36143	Q1526
SRP18520.txt#offset_36146_36154	Q1527
SRP18520.txt#offset_36155_36157	Q1528
SRP18520.txt#offset_3618_3619	Q1529
SRP18520.txt#offset_3617_3618	Q1530
SRP18520.txt#offset_3621_3622	Q1531
SRP18520.txt#offset_3623_3627	Q1532
SRP18520.txt#offset_36335_36336	Q1533
SRP18520.txt#offset_36328_36335	Q1534
SRP18520.txt#offset_36338_36341	Q1535
SRP18520.txt#offset_36342_36346	Q1536
SRP18520.txt#offset_36425_36426	Q1537
SRP18520.txt#offset_36421_36425	Q1538
SRP18520.txt#offset_36428_36429	Q1539
SRP18520.txt#offset_36429_36430	Q1540
SRP18520.txt#offset_36480_36481	Q1541
SRP18520.txt#offset_36479_36480	Q1542
SRP18520.txt#offset_36483_36484	Q1543
SRP18520.txt#offset_36484_36488	Q1544
SRP18520.txt#offset_36512_36513	Q1545
SRP18520.txt#offset_36510_36512	Q1546
SRP18520.txt#offset_36515_36518	Q1547
SRP18520.txt#offset_36518_36519	Q1548
SRP18520.txt#offset_36606_36607	Q1549
SRP18520.txt#offset_36605_36606	Q1550
SRP18520.txt#offset_36609_36610	Q1551
SRP18520.txt#offset_36610_36612	Q1552
SRP18520.txt#offset_36660_36661	Q1553
SRP18520.txt#offset_36656_36660	Q1554
SRP18520.txt#offset_36663_36664	Q1555
SRP18520.txt#offset_36664_36666	Q1556
SRP18520.txt#offset_36727_36728	Q1557
SRP18520.txt#offset_36726_36727	Q1558
SRP18520.txt#offset_36730_36731	Q1559
SRP18520.txt#offset_36731_36734	Q1560
SRP18520.txt#offset_36844_36845	Q1561
SRP18520.txt#offset_36843_36844	Q1562
SRP18520.txt#offset_36847_36848	Q1563
SRP18520.txt#offset_36848_36852	Q1564
SRP18520.txt#offset_36865_36866	Q1565
SRP18520.txt#offset_36864_36865	Q1566
SRP18520.txt#offset_36982_36983	Q1567
SRP18520.txt#offset_36978_36982	Q1568
SRP18520.txt#offset_36985_36986	Q1569
SRP18520.txt#offset_36986_36989	Q1570
SRP18520.txt#offset_37122_37123	Q1571
SRP18520.txt#offset_37118_37122	Q1572
SRP18520.txt#offset_37125_37129	Q1573
SRP18520.txt#offset_37130_37133	Q1574
SRP18520.txt#offset_37163_37164	Q1575
SRP18520.txt#offset_37161_37162	Q1576
SRP18520.txt#offset_37166_37167	Q1577
SRP18520.txt#offset_37167_37170	Q1578
SRP18520.txt#offset_37233_37234	Q1579
SRP18520.txt#offset_37232_37233	Q1580
SRP18520.txt#offset_37236_37237	Q1581
SRP18520.txt#offset_37237_37240	Q1582
SRP18520.txt#offset_37340_37341	Q1583
SRP18520.txt#offset_37334_37340	Q1584
SRP18520.txt#offset_37343_37344	Q1585
SRP18520.txt#offset_37344_37348	Q1586
SRP18520.txt#offset_37409_37410	Q1587
SRP18520.txt#offset_37402_37409	Q1588
SRP18520.txt#offset_37412_37414	Q1589
SRP18520.txt#offset_37415_37418	Q1590
SRP18520.txt#offset_37449_37450	Q1591
SRP18520.txt#offset_37444_37449	Q1592
SRP18520.txt#offset_37452_37457	Q1593
SRP18520.txt#offset_37457_37458	Q1594
SRP18520.txt#offset_37507_37508	Q1595
SRP18520.txt#offset_37506_37507	Q1596
SRP18520.txt#offset_37510_37511	Q1597
SRP18520.txt#offset_37511_37513	Q1598
SRP18520.txt#offset_3759_3760	Q1599
SRP18520.txt#offset_3753_3759	Q1600
SRP18520.txt#offset_3762_3763	Q1601
SRP18520.txt#offset_3763_3764	Q1602
SRP18520.txt#offset_37732_37733	Q1603
SRP18520.txt#offset_37727_37732	Q1604
SRP18520.txt#offset_37897_37898	Q1605
SRP18520.txt#offset_37896_37897	Q1606
SRP18520.txt#offset_37973_37974	Q1607
SRP18520.txt#offset_37964_37973	Q1608
SRP18520.txt#offset_37976_37977	Q1609
SRP18520.txt#offset_37977_37981	Q1610
SRP18520.txt#offset_38007_38008	Q1611
SRP18520.txt#offset_38006_38007	Q1612
SRP18520.txt#offset_38010_38011	Q1613
SRP18520.txt#offset_38011_38013	Q1614
SRP18520.txt#offset_38090_38091	Q1615
SRP18520.txt#offset_38086_38090	Q1616
SRP18520.txt#offset_38093_38098	Q1617
SRP18520.txt#offset_38099_38101	Q1618
SRP18520.txt#offset_38137_38138	Q1619
SRP18520.txt#offset_38132_38137	Q1620
SRP18520.txt#offset_38140_38146	Q1621
SRP18520.txt#offset_38147_38150	Q1622
SRP18520.txt#offset_38431_38434	Q1623
SRP18520.txt#offset_38429_38430	Q1624
SRP18520.txt#offset_38436_38438	Q1625
SRP18520.txt#offset_38439_38444	Q1626
SRP18520.txt#offset_38462_38463	Q1627
SRP18520.txt#offset_38459_38462	Q1628
SRP18520.txt#offset_38465_38472	Q1629
SRP18520.txt#offset_38473_38476	Q1630
SRP18520.txt#offset_38491_38492	Q1631
SRP18520.txt#offset_38490_38491	Q1632
SRP18520.txt#offset_38494_38495	Q1633
SRP18520.txt#offset_38495_38500	Q1634
SRP18520.txt#offset_38650_38651	Q1635
SRP18520.txt#offset_38644_38650	Q1636
SRP18520.txt#offset_38653_38655	Q1637
SRP18520.txt#offset_38656_38660	Q1638
SRP18520.txt#offset_38795_38796	Q1639
SRP18520.txt#offset_38790_38795	Q1640
SRP18520.txt#offset_38798_38799	Q1641
SRP18520.txt#offset_43998_43999	Q1853
SRP18520.txt#offset_43997_43998	Q1854
SRP18520.txt#offset_44001_44002	Q1855
SRP18520.txt#offset_44002_44008	Q1856
SRP18520.txt#offset_44038_44039	Q1857
SRP18520.txt#offset_44037_44038	Q1858
SRP18520.txt#offset_44041_44042	Q1859
SRP18520.txt#offset_44042_44045	Q1860
SRP18520.txt#offset_44121_44122	Q1861
SRP18520.txt#offset_44120_44121	Q1862
SRP18520.txt#offset_44124_44125	Q1863
SRP18520.txt#offset_44125_44126	Q1864
SRP18520.txt#offset_44185_44188	Q1865
SRP18520.txt#offset_44178_44184	Q1866
SRP18520.txt#offset_44190_44192	Q1867
SRP18520.txt#offset_44193_44197	Q1868
SRP18520.txt#offset_44261_44262	Q1869
SRP18520.txt#offset_44260_44261	Q1870
SRP18520.txt#offset_44264_44265	Q1871
SRP18520.txt#offset_44265_44266	Q1872
SRP18520.txt#offset_44358_44359	Q1873
SRP18520.txt#offset_44357_44358	Q1874
SRP18520.txt#offset_44361_44362	Q1875
SRP18520.txt#offset_44362_44364	Q1876
SRP18520.txt#offset_44449_44450	Q1877
SRP18520.txt#offset_44448_44449	Q1878
SRP18520.txt#offset_44452_44454	Q1879
SRP18520.txt#offset_44455_44465	Q1880
SRP18520.txt#offset_44556_44557	Q1881
SRP18520.txt#offset_44549_44556	Q1882
SRP18520.txt#offset_44559_44560	Q1883
SRP18520.txt#offset_44560_44561	Q1884
SRP18520.txt#offset_44595_44596	Q1885
SRP18520.txt#offset_44594_44595	Q1886
SRP18520.txt#offset_44598_44599	Q1887
SRP18520.txt#offset_44599_44600	Q1888
SRP18520.txt#offset_44768_44769	Q1889
SRP18520.txt#offset_44767_44768	Q1890
SRP18520.txt#offset_44771_44772	Q1891
SRP18520.txt#offset_44773_44782	Q1892
SRP18520.txt#offset_44811_44812	Q1893
SRP18520.txt#offset_44803_44811	Q1894
SRP18520.txt#offset_44814_44815	Q1895
SRP18520.txt#offset_44815_44817	Q1896
SRP18520.txt#offset_44829_44830	Q1897
SRP18520.txt#offset_44828_44829	Q1898
SRP18520.txt#offset_44832_44834	Q1899
SRP18520.txt#offset_44835_44841	Q1900
SRP18520.txt#offset_44930_44931	Q1901
SRP18520.txt#offset_44926_44930	Q1902
SRP18520.txt#offset_44933_44935	Q1903
SRP18520.txt#offset_44936_44941	Q1904
SRP18520.txt#offset_44973_44974	Q1905
SRP18520.txt#offset_44966_44973	Q1906
SRP18520.txt#offset_44976_44982	Q1907
SRP18520.txt#offset_44983_44985	Q1908
